CG Test Spec Table,spec_version:v1.4.0,
SpecItem,Lower Limit ----->,Upper Limit ----->
UNIF::INT_AVG,NA,NA
UNIF::INT_PCT_MAX,NA,NA
UNIF::INT_PCT_MIN,NA,NA
UNIF::INT_DRK_PXL_CNT_PCT,NA,NA
UNIF::INT_HOT_PXL_CNT_PCT,NA,NA
UNIF::EXT_PCT_MAX,NA,NA
UNIF::EXT_PCT_MIN,NA,NA
UNIF::LF_INT_PCT_MAX,NA,NA
UNIF::LF_INT_PCT_MIN,NA,NA
UNIF::LF_INT_DRK_PXL_CNT_PCT,NA,NA
UNIF::LF_INT_HOT_PXL_CNT_PCT,NA,NA
UNIF::LF_EXT_PCT_MAX,NA,NA
UNIF::LF_EXT_PCT_MIN,NA,NA
UNIF::HF_INT_PCT_MAX,NA,NA
UNIF::HF_INT_PCT_MIN,NA,NA
UNIF::HF_INT_DRK_PXL_CNT_PCT,NA,NA
UNIF::HF_INT_HOT_PXL_CNT_PCT,NA,NA
UNIF::HF_EXT_PCT_MAX,NA,NA
UNIF::HF_EXT_PCT_MIN,NA,NA
T::TP1_TILT_400,32,57
T::TP1_TILT_450,53,72
T::TP1_TILT_500,74,86
T::TP1_TILT_550,NA,NA
T::TP1_TILT_600,106,118
T::TP1_TILT_650,120,141
T::TP1_TILT_700,138,173
T::TP1_TILT_750,NA,NA
T::TP1_TILT_800,0,329
T::TP1_TILT_850,NA,NA
T::TP1_TILT_900,0,455
T::TP1_TILT_950,NA,NA
T::TP1_TILT_1000,0,591
T::TP1_TILT_1050,NA,NA
T::TP1_TILT_1100,0,668
T::TP2_TILT_400,32,57
T::TP2_TILT_450,53,72
T::TP2_TILT_500,74,86
T::TP2_TILT_550,NA,NA
T::TP2_TILT_600,106,118
T::TP2_TILT_650,120,141
T::TP2_TILT_700,138,173
T::TP2_TILT_750,NA,NA
T::TP2_TILT_800,0,329
T::TP2_TILT_850,NA,NA
T::TP2_TILT_900,0,455
T::TP2_TILT_950,NA,NA
T::TP2_TILT_1000,0,591
T::TP2_TILT_1050,NA,NA
T::TP2_TILT_1100,0,668
T::TP3_TILT_400,32,57
T::TP3_TILT_450,53,72
T::TP3_TILT_500,74,86
T::TP3_TILT_550,NA,NA
T::TP3_TILT_600,106,118
T::TP3_TILT_650,120,141
T::TP3_TILT_700,138,173
T::TP3_TILT_750,NA,NA
T::TP3_TILT_800,0,329
T::TP3_TILT_850,NA,NA
T::TP3_TILT_900,0,455
T::TP3_TILT_950,NA,NA
T::TP3_TILT_1000,0,591
T::TP3_TILT_1050,NA,NA
T::TP4_TILT_1100,0,668
T::TP4_TILT_400,32,57
T::TP4_TILT_450,53,72
T::TP4_TILT_500,74,86
T::TP4_TILT_550,NA,NA
T::TP4_TILT_600,106,118
T::TP4_TILT_650,120,141
T::TP4_TILT_700,138,173
T::TP4_TILT_750,NA,NA
T::TP4_TILT_800,0,329
T::TP4_TILT_850,NA,NA
T::TP4_TILT_900,0,455
T::TP4_TILT_950,NA,NA
T::TP4_TILT_1000,0,591
T::TP4_TILT_1050,NA,NA
T::TP4_TILT_1100,0,668
T::TP5_TILT_400,32,57
T::TP5_TILT_450,53,72
T::TP5_TILT_500,74,86
T::TP5_TILT_550,NA,NA
T::TP5_TILT_600,106,118
T::TP5_TILT_650,120,141
T::TP5_TILT_700,138,173
T::TP5_TILT_750,NA,NA
T::TP5_TILT_800,0,329
T::TP5_TILT_850,NA,NA
T::TP5_TILT_900,0,455
T::TP5_TILT_950,NA,NA
T::TP5_TILT_1000,0,591
T::TP5_TILT_1050,NA,NA
T::TP5_TILT_1100,0,668
T::T_PCT_STDEV_400,NA,NA
T::T_PCT_STDEV_450,NA,NA
T::T_PCT_STDEV_500,NA,NA
T::T_PCT_STDEV_550,NA,NA
T::T_PCT_STDEV_600,NA,NA
T::T_PCT_STDEV_650,NA,NA
T::T_PCT_STDEV_700,NA,NA
T::T_PCT_STDEV_750,NA,NA
T::T_PCT_STDEV_800,NA,NA
T::T_PCT_STDEV_850,NA,NA
T::T_PCT_STDEV_900,NA,NA
T::T_PCT_STDEV_950,NA,NA
T::T_PCT_STDEV_1000,NA,NA
T::T_PCT_STDEV_1050,NA,NA
T::T_PCT_STDEV_1100,NA,NA
T::TP1_T_PCT_400,1,3.2
T::TP1_T_PCT_450,1.8,4
T::TP1_T_PCT_500,2.4,4.9
T::TP1_T_PCT_550,3.1,6.2
T::TP1_T_PCT_600,3.3,6.9
T::TP1_T_PCT_650,3.7,8.2
T::TP1_T_PCT_700,4.6,9.8
T::TP1_T_PCT_750,6.4,13.3
T::TP1_T_PCT_800,8.7,16.8
T::TP1_T_PCT_850,9.7,18.7
T::TP1_T_PCT_900,11.2,21.7
T::TP2_T_PCT_400,1,3.2
T::TP2_T_PCT_450,1.8,4
T::TP2_T_PCT_500,2.4,4.9
T::TP2_T_PCT_550,3.1,6.2
T::TP2_T_PCT_600,3.3,6.9
T::TP2_T_PCT_650,3.7,8.2
T::TP2_T_PCT_700,4.6,9.8
T::TP2_T_PCT_750,6.4,13.3
T::TP2_T_PCT_800,8.7,16.8
T::TP2_T_PCT_850,9.7,18.7
T::TP2_T_PCT_900,11.2,21.7
T::TP3_T_PCT_400,1,3.2
T::TP3_T_PCT_450,1.8,4
T::TP3_T_PCT_500,2.4,4.9
T::TP3_T_PCT_550,3.1,6.2
T::TP3_T_PCT_600,3.3,6.9
T::TP3_T_PCT_650,3.7,8.2
T::TP3_T_PCT_700,4.6,9.8
T::TP3_T_PCT_750,6.4,13.3
T::TP3_T_PCT_800,8.7,16.8
T::TP3_T_PCT_850,9.7,18.7
T::TP3_T_PCT_900,11.2,21.7
T::TP4_T_PCT_400,1,3.2
T::TP4_T_PCT_450,1.8,4
T::TP4_T_PCT_500,2.4,4.9
T::TP4_T_PCT_550,3.1,6.2
T::TP4_T_PCT_600,3.3,6.9
T::TP4_T_PCT_650,3.7,8.2
T::TP4_T_PCT_700,4.6,9.8
T::TP4_T_PCT_750,6.4,13.3
T::TP4_T_PCT_800,8.7,16.8
T::TP4_T_PCT_850,9.7,18.7
T::TP4_T_PCT_900,11.2,21.7
T::TP5_T_PCT_400,1,3.2
T::TP5_T_PCT_450,1.8,4
T::TP5_T_PCT_500,2.4,4.9
T::TP5_T_PCT_550,3.1,6.2
T::TP5_T_PCT_600,3.3,6.9
T::TP5_T_PCT_650,3.7,8.2
T::TP5_T_PCT_700,4.6,9.8
T::TP5_T_PCT_750,6.4,13.3
T::TP5_T_PCT_800,8.7,16.8
T::TP5_T_PCT_850,9.7,18.7
T::TP5_T_PCT_900,11.2,21.7
T::TP1_T_PCT_VAR_400,-20,20
T::TP1_T_PCT_VAR_450,-20,20
T::TP1_T_PCT_VAR_500,-20,20
T::TP1_T_PCT_VAR_550,-20,20
T::TP1_T_PCT_VAR_600,-20,20
T::TP1_T_PCT_VAR_650,-20,20
T::TP1_T_PCT_VAR_700,-20,20
T::TP1_T_PCT_VAR_750,-20,20
T::TP1_T_PCT_VAR_800,-20,20
T::TP1_T_PCT_VAR_850,-20,20
T::TP1_T_PCT_VAR_900,-20,20
T::TP1_T_PCT_VAR_950,-20,20
T::TP1_T_PCT_VAR_1000,-20,20
T::TP1_T_PCT_VAR_1050,-20,20
T::TP1_T_PCT_VAR_1100,-20,20
T::TP2_T_PCT_VAR_400,-20,20
T::TP2_T_PCT_VAR_450,-20,20
T::TP2_T_PCT_VAR_500,-20,20
T::TP2_T_PCT_VAR_550,-20,20
T::TP2_T_PCT_VAR_600,-20,20
T::TP2_T_PCT_VAR_650,-20,20
T::TP2_T_PCT_VAR_700,-20,20
T::TP2_T_PCT_VAR_750,-20,20
T::TP2_T_PCT_VAR_800,-20,20
T::TP2_T_PCT_VAR_850,-20,20
T::TP2_T_PCT_VAR_900,-20,20
T::TP2_T_PCT_VAR_950,-20,20
T::TP2_T_PCT_VAR_1000,-20,20
T::TP2_T_PCT_VAR_1050,-20,20
T::TP2_T_PCT_VAR_1100,-20,20
T::TP3_T_PCT_VAR_400,-20,20
T::TP3_T_PCT_VAR_450,-20,20
T::TP3_T_PCT_VAR_500,-20,20
T::TP3_T_PCT_VAR_550,-20,20
T::TP3_T_PCT_VAR_600,-20,20
T::TP3_T_PCT_VAR_650,-20,20
T::TP3_T_PCT_VAR_700,-20,20
T::TP3_T_PCT_VAR_750,-20,20
T::TP3_T_PCT_VAR_800,-20,20
T::TP3_T_PCT_VAR_850,-20,20
T::TP3_T_PCT_VAR_900,-20,20
T::TP3_T_PCT_VAR_950,-20,20
T::TP3_T_PCT_VAR_1000,-20,20
T::TP3_T_PCT_VAR_1050,-20,20
T::TP3_T_PCT_VAR_1100,-20,20
T::TP4_T_PCT_VAR_400,-20,20
T::TP4_T_PCT_VAR_450,-20,20
T::TP4_T_PCT_VAR_500,-20,20
T::TP4_T_PCT_VAR_550,-20,20
T::TP4_T_PCT_VAR_600,-20,20
T::TP4_T_PCT_VAR_650,-20,20
T::TP4_T_PCT_VAR_700,-20,20
T::TP4_T_PCT_VAR_750,-20,20
T::TP4_T_PCT_VAR_800,-20,20
T::TP4_T_PCT_VAR_850,-20,20
T::TP4_T_PCT_VAR_900,-20,20
T::TP4_T_PCT_VAR_950,-20,20
T::TP4_T_PCT_VAR_1000,-20,20
T::TP4_T_PCT_VAR_1050,-20,20
T::TP4_T_PCT_VAR_1100,-20,20
T::TP5_T_PCT_VAR_400,-20,20
T::TP5_T_PCT_VAR_450,-20,20
T::TP5_T_PCT_VAR_500,-20,20
T::TP5_T_PCT_VAR_550,-20,20
T::TP5_T_PCT_VAR_600,-20,20
T::TP5_T_PCT_VAR_650,-20,20
T::TP5_T_PCT_VAR_700,-20,20
T::TP5_T_PCT_VAR_750,-20,20
T::TP5_T_PCT_VAR_800,-20,20
T::TP5_T_PCT_VAR_850,-20,20
T::TP5_T_PCT_VAR_900,-20,20
T::TP5_T_PCT_VAR_950,-20,20
T::TP5_T_PCT_VAR_1000,-20,20
T::TP5_T_PCT_VAR_1050,-20,20
T::TP5_T_PCT_VAR_1100,-20,20