CG Test Spec Table,spec_version:v1.4.0,
SpecItem,Lower Limit ----->,Upper Limit ----->
UNIF::INT_AVG,NA,NA
UNIF::INT_PCT_MAX,NA,NA
UNIF::INT_PCT_MIN,NA,NA
UNIF::INT_DRK_PXL_CNT_PCT,NA,NA
UNIF::INT_HOT_PXL_CNT_PCT,NA,NA
UNIF::EXT_PCT_MAX,NA,NA
UNIF::EXT_PCT_MIN,NA,NA
UNIF::LF_INT_PCT_MAX,NA,NA
UNIF::LF_INT_PCT_MIN,NA,NA
UNIF::LF_INT_DRK_PXL_CNT_PCT,NA,NA
UNIF::LF_INT_HOT_PXL_CNT_PCT,NA,NA
UNIF::LF_EXT_PCT_MAX,NA,NA
UNIF::LF_EXT_PCT_MIN,NA,NA
UNIF::HF_INT_PCT_MAX,NA,NA
UNIF::HF_INT_PCT_MIN,NA,NA
UNIF::HF_INT_DRK_PXL_CNT_PCT,NA,NA
UNIF::HF_INT_HOT_PXL_CNT_PCT,NA,NA
UNIF::HF_EXT_PCT_MAX,NA,NA
UNIF::HF_EXT_PCT_MIN,NA,NA
