CG Test Spec Table,spec_version:v1.5.4,20170501,
SpecItem,Lower Limit ----->,Upper Limit ----->
UNIF::INT_AVG,NA,NA
UNIF::INT_PCT_MAX,NA,NA
UNIF::INT_PCT_MIN,NA,NA
UNIF::INT_DRK_PXL_CNT_PCT,NA,NA
UNIF::INT_HOT_PXL_CNT_PCT,NA,NA
UNIF::EXT_PCT_MAX,NA,NA
UNIF::EXT_PCT_MIN,NA,NA
UNIF::LF_INT_PCT_MAX,NA,NA
UNIF::LF_INT_PCT_MIN,NA,NA
UNIF::LF_INT_DRK_PXL_CNT_PCT,NA,NA
UNIF::LF_INT_HOT_PXL_CNT_PCT,NA,NA
UNIF::LF_EXT_PCT_MAX,NA,NA
UNIF::LF_EXT_PCT_MIN,NA,NA
UNIF::HF_INT_PCT_MAX,NA,NA
UNIF::HF_INT_PCT_MIN,NA,NA
UNIF::HF_INT_DRK_PXL_CNT_PCT,NA,NA
UNIF::HF_INT_HOT_PXL_CNT_PCT,NA,NA
UNIF::HF_EXT_PCT_MAX,NA,NA
UNIF::HF_EXT_PCT_MIN,NA,NA
T::TP1_TILT_400,28,57
T::TP1_TILT_450,48,72
T::TP1_TILT_500,72,86
T::TP1_TILT_550,NA,NA
T::TP1_TILT_600,106,120
T::TP1_TILT_650,120,147
T::TP1_TILT_700,138,179
T::TP1_TILT_750,NA,NA
T::TP1_TILT_800,0,340
T::TP1_TILT_850,NA,NA
T::TP1_TILT_900,0,467
T::TP1_TILT_950,NA,NA
T::TP1_TILT_1000,NA,NA
T::TP1_TILT_1050,NA,NA
T::TP1_TILT_1100,NA,NA
T::TP2_TILT_400,28,57
T::TP2_TILT_450,48,72
T::TP2_TILT_500,72,86
T::TP2_TILT_550,NA,NA
T::TP2_TILT_600,106,120
T::TP2_TILT_650,120,147
T::TP2_TILT_700,138,179
T::TP2_TILT_750,NA,NA
T::TP2_TILT_800,0,340
T::TP2_TILT_850,NA,NA
T::TP2_TILT_900,0,467
T::TP2_TILT_950,NA,NA
T::TP2_TILT_1000,NA,NA
T::TP2_TILT_1050,NA,NA
T::TP2_TILT_1100,NA,NA
T::TP3_TILT_400,28,57
T::TP3_TILT_450,48,72
T::TP3_TILT_500,72,86
T::TP3_TILT_550,NA,NA
T::TP3_TILT_600,106,120
T::TP3_TILT_650,120,147
T::TP3_TILT_700,138,179
T::TP3_TILT_750,NA,NA
T::TP3_TILT_800,0,340
T::TP3_TILT_850,NA,NA
T::TP3_TILT_900,0,467
T::TP3_TILT_950,NA,NA
T::TP3_TILT_1000,NA,NA
T::TP3_TILT_1050,NA,NA
T::TP4_TILT_1100,NA,NA
T::TP4_TILT_400,28,57
T::TP4_TILT_450,48,72
T::TP4_TILT_500,72,86
T::TP4_TILT_550,NA,NA
T::TP4_TILT_600,106,120
T::TP4_TILT_650,120,147
T::TP4_TILT_700,138,179
T::TP4_TILT_750,NA,NA
T::TP4_TILT_800,0,340
T::TP4_TILT_850,NA,NA
T::TP4_TILT_900,0,467
T::TP4_TILT_950,NA,NA
T::TP4_TILT_1000,NA,NA
T::TP4_TILT_1050,NA,NA
T::TP4_TILT_1100,NA,NA
T::TP5_TILT_400,28,57
T::TP5_TILT_450,48,72
T::TP5_TILT_500,72,86
T::TP5_TILT_550,NA,NA
T::TP5_TILT_600,106,120
T::TP5_TILT_650,120,147
T::TP5_TILT_700,138,179
T::TP5_TILT_750,NA,NA
T::TP5_TILT_800,0,340
T::TP5_TILT_850,NA,NA
T::TP5_TILT_900,0,467
T::TP5_TILT_950,NA,NA
T::TP5_TILT_1000,NA,NA
T::TP5_TILT_1050,NA,NA
T::TP5_TILT_1100,NA,NA
T::T_PCT_STDEV_400,NA,NA
T::T_PCT_STDEV_450,NA,NA
T::T_PCT_STDEV_500,NA,NA
T::T_PCT_STDEV_550,NA,NA
T::T_PCT_STDEV_600,NA,NA
T::T_PCT_STDEV_650,NA,NA
T::T_PCT_STDEV_700,NA,NA
T::T_PCT_STDEV_750,NA,NA
T::T_PCT_STDEV_800,NA,NA
T::T_PCT_STDEV_850,NA,NA
T::T_PCT_STDEV_900,NA,NA
T::T_PCT_STDEV_950,NA,NA
T::T_PCT_STDEV_1000,NA,NA
T::T_PCT_STDEV_1050,NA,NA
T::T_PCT_STDEV_1100,NA,NA
T::TP1_T_PCT_400,1.1,3.8
T::TP1_T_PCT_450,1.75,4.8
T::TP1_T_PCT_500,2.36,5.9
T::TP1_T_PCT_550,3.13,7
T::TP1_T_PCT_600,3.61,7.7
T::TP1_T_PCT_650,4.42,8.8
T::TP1_T_PCT_700,5.34,10.1
T::TP1_T_PCT_750,7.34,14.6
T::TP1_T_PCT_800,9.67,18
T::TP1_T_PCT_850,11.27,20.1
T::TP1_T_PCT_900,13.27,21.7
T::TP2_T_PCT_400,1.1,3.8
T::TP2_T_PCT_450,1.75,4.8
T::TP2_T_PCT_500,2.36,5.9
T::TP2_T_PCT_550,3.13,7
T::TP2_T_PCT_600,3.61,7.7
T::TP2_T_PCT_650,4.42,8.8
T::TP2_T_PCT_700,5.34,10.1
T::TP2_T_PCT_750,7.34,14.6
T::TP2_T_PCT_800,9.67,18
T::TP2_T_PCT_850,11.27,20.1
T::TP2_T_PCT_900,13.27,21.7
T::TP3_T_PCT_400,1.1,3.8
T::TP3_T_PCT_450,1.75,4.8
T::TP3_T_PCT_500,2.36,5.9
T::TP3_T_PCT_550,3.13,7
T::TP3_T_PCT_600,3.61,7.7
T::TP3_T_PCT_650,4.42,8.8
T::TP3_T_PCT_700,5.34,10.1
T::TP3_T_PCT_750,7.34,14.6
T::TP3_T_PCT_800,9.67,18
T::TP3_T_PCT_850,11.27,20.1
T::TP3_T_PCT_900,13.27,21.7
T::TP4_T_PCT_400,NA,NA
T::TP4_T_PCT_450,NA,NA
T::TP4_T_PCT_500,NA,NA
T::TP4_T_PCT_550,NA,NA
T::TP4_T_PCT_600,NA,NA
T::TP4_T_PCT_650,NA,NA
T::TP4_T_PCT_700,NA,NA
T::TP4_T_PCT_750,NA,NA
T::TP4_T_PCT_800,NA,NA
T::TP4_T_PCT_850,NA,NA
T::TP4_T_PCT_900,NA,NA
T::TP5_T_PCT_400,NA,NA
T::TP5_T_PCT_450,NA,NA
T::TP5_T_PCT_500,NA,NA
T::TP5_T_PCT_550,NA,NA
T::TP5_T_PCT_600,NA,NA
T::TP5_T_PCT_650,NA,NA
T::TP5_T_PCT_700,NA,NA
T::TP5_T_PCT_750,NA,NA
T::TP5_T_PCT_800,NA,NA
T::TP5_T_PCT_850,NA,NA
T::TP5_T_PCT_900,NA,NA
T::TP1_T_PCT_VAR_400,-20,20
T::TP1_T_PCT_VAR_450,-20,20
T::TP1_T_PCT_VAR_500,-20,20
T::TP1_T_PCT_VAR_550,-20,20
T::TP1_T_PCT_VAR_600,-20,20
T::TP1_T_PCT_VAR_650,-20,20
T::TP1_T_PCT_VAR_700,-20,20
T::TP1_T_PCT_VAR_750,-20,20
T::TP1_T_PCT_VAR_800,-20,20
T::TP1_T_PCT_VAR_850,-20,20
T::TP1_T_PCT_VAR_900,-20,20
T::TP1_T_PCT_VAR_950,NA,NA
T::TP1_T_PCT_VAR_1000,NA,NA
T::TP1_T_PCT_VAR_1050,NA,NA
T::TP1_T_PCT_VAR_1100,NA,NA
T::TP2_T_PCT_VAR_400,-20,20
T::TP2_T_PCT_VAR_450,-20,20
T::TP2_T_PCT_VAR_500,-20,20
T::TP2_T_PCT_VAR_550,-20,20
T::TP2_T_PCT_VAR_600,-20,20
T::TP2_T_PCT_VAR_650,-20,20
T::TP2_T_PCT_VAR_700,-20,20
T::TP2_T_PCT_VAR_750,-20,20
T::TP2_T_PCT_VAR_800,-20,20
T::TP2_T_PCT_VAR_850,-20,20
T::TP2_T_PCT_VAR_900,-20,20
T::TP2_T_PCT_VAR_950,NA,NA
T::TP2_T_PCT_VAR_1000,NA,NA
T::TP2_T_PCT_VAR_1050,NA,NA
T::TP2_T_PCT_VAR_1100,NA,NA
T::TP3_T_PCT_VAR_400,-20,20
T::TP3_T_PCT_VAR_450,-20,20
T::TP3_T_PCT_VAR_500,-20,20
T::TP3_T_PCT_VAR_550,-20,20
T::TP3_T_PCT_VAR_600,-20,20
T::TP3_T_PCT_VAR_650,-20,20
T::TP3_T_PCT_VAR_700,-20,20
T::TP3_T_PCT_VAR_750,-20,20
T::TP3_T_PCT_VAR_800,-20,20
T::TP3_T_PCT_VAR_850,-20,20
T::TP3_T_PCT_VAR_900,-20,20
T::TP3_T_PCT_VAR_950,NA,NA
T::TP3_T_PCT_VAR_1000,NA,NA
T::TP3_T_PCT_VAR_1050,NA,NA
T::TP3_T_PCT_VAR_1100,NA,NA
T::TP4_T_PCT_VAR_400,NA,NA
T::TP4_T_PCT_VAR_450,NA,NA
T::TP4_T_PCT_VAR_500,NA,NA
T::TP4_T_PCT_VAR_550,NA,NA
T::TP4_T_PCT_VAR_600,NA,NA
T::TP4_T_PCT_VAR_650,NA,NA
T::TP4_T_PCT_VAR_700,NA,NA
T::TP4_T_PCT_VAR_750,NA,NA
T::TP4_T_PCT_VAR_800,NA,NA
T::TP4_T_PCT_VAR_850,NA,NA
T::TP4_T_PCT_VAR_900,NA,NA
T::TP4_T_PCT_VAR_950,NA,NA
T::TP4_T_PCT_VAR_1000,NA,NA
T::TP4_T_PCT_VAR_1050,NA,NA
T::TP4_T_PCT_VAR_1100,NA,NA
T::TP5_T_PCT_VAR_400,NA,NA
T::TP5_T_PCT_VAR_450,NA,NA
T::TP5_T_PCT_VAR_500,NA,NA
T::TP5_T_PCT_VAR_550,NA,NA
T::TP5_T_PCT_VAR_600,NA,NA
T::TP5_T_PCT_VAR_650,NA,NA
T::TP5_T_PCT_VAR_700,NA,NA
T::TP5_T_PCT_VAR_750,NA,NA
T::TP5_T_PCT_VAR_800,NA,NA
T::TP5_T_PCT_VAR_850,NA,NA
T::TP5_T_PCT_VAR_900,NA,NA
T::TP5_T_PCT_VAR_950,NA,NA
T::TP5_T_PCT_VAR_1000,NA,NA
T::TP5_T_PCT_VAR_1050,NA,NA
T::TP5_T_PCT_VAR_1100,NA,NA
T::T_BEAM_MEAS_CORREL_NORM,NA,NA
T::TP_PCT_AVG_400,NA,NA
T::TP_PCT_AVG_450,NA,NA
T::TP_PCT_AVG_500,NA,NA
T::TP_PCT_AVG_550,NA,NA
T::TP_PCT_AVG_600,NA,NA
T::TP_PCT_AVG_650,NA,NA
T::TP_PCT_AVG_700,NA,NA
T::TP_PCT_AVG_750,NA,NA
T::TP_PCT_AVG_800,NA,NA
T::TP_PCT_AVG_850,NA,NA
T::TP_PCT_AVG_900,NA,NA
T::TP_TILT_AVG_400,NA,NA
T::TP_TILT_AVG_450,NA,NA
T::TP_TILT_AVG_500,NA,NA
T::TP_TILT_AVG_600,NA,NA
T::TP_TILT_AVG_650,NA,NA
T::TP_TILT_AVG_700,NA,NA
T::TP_TILT_AVG_800,NA,NA
T::TP_TILT_AVG_900,NA,NA
T::TP_TILT_AVG_1000,NA,NA
T::TP_TILT_AVG_1100,NA,NA
