CG Test Spec Table,spec_version:v1.5.2,
SpecItem,Lower Limit ----->,Upper Limit ----->
UNIF::INT_AVG,NA,NA
UNIF::INT_PCT_MAX,NA,NA
UNIF::INT_PCT_MIN,NA,NA
UNIF::INT_DRK_PXL_CNT_PCT,NA,NA
UNIF::INT_HOT_PXL_CNT_PCT,NA,NA
UNIF::EXT_PCT_MAX,NA,NA
UNIF::EXT_PCT_MIN,NA,NA
UNIF::LF_INT_PCT_MAX,NA,NA
UNIF::LF_INT_PCT_MIN,NA,NA
UNIF::LF_INT_DRK_PXL_CNT_PCT,NA,NA
UNIF::LF_INT_HOT_PXL_CNT_PCT,NA,NA
UNIF::LF_EXT_PCT_MAX,NA,NA
UNIF::LF_EXT_PCT_MIN,NA,NA
UNIF::HF_INT_PCT_MAX,NA,NA
UNIF::HF_INT_PCT_MIN,NA,NA
UNIF::HF_INT_DRK_PXL_CNT_PCT,NA,NA
UNIF::HF_INT_HOT_PXL_CNT_PCT,NA,NA
UNIF::HF_EXT_PCT_MAX,NA,NA
UNIF::HF_EXT_PCT_MIN,NA,NA
T::TP1_TILT_400,NA,NA
T::TP1_TILT_450,NA,NA
T::TP1_TILT_500,NA,NA
T::TP1_TILT_550,NA,NA
T::TP1_TILT_600,NA,NA
T::TP1_TILT_650,NA,NA
T::TP1_TILT_700,NA,NA
T::TP1_TILT_750,NA,NA
T::TP1_TILT_800,NA,NA
T::TP1_TILT_850,NA,NA
T::TP1_TILT_900,NA,NA
T::TP1_TILT_950,NA,NA
T::TP1_TILT_1000,NA,NA
T::TP1_TILT_1050,NA,NA
T::TP1_TILT_1100,NA,NA
T::TP2_TILT_400,NA,NA
T::TP2_TILT_450,NA,NA
T::TP2_TILT_500,NA,NA
T::TP2_TILT_550,NA,NA
T::TP2_TILT_600,NA,NA
T::TP2_TILT_650,NA,NA
T::TP2_TILT_700,NA,NA
T::TP2_TILT_750,NA,NA
T::TP2_TILT_800,NA,NA
T::TP2_TILT_850,NA,NA
T::TP2_TILT_900,NA,NA
T::TP2_TILT_950,NA,NA
T::TP2_TILT_1000,NA,NA
T::TP2_TILT_1050,NA,NA
T::TP2_TILT_1100,NA,NA
T::TP3_TILT_400,NA,NA
T::TP3_TILT_450,NA,NA
T::TP3_TILT_500,NA,NA
T::TP3_TILT_550,NA,NA
T::TP3_TILT_600,NA,NA
T::TP3_TILT_650,NA,NA
T::TP3_TILT_700,NA,NA
T::TP3_TILT_750,NA,NA
T::TP3_TILT_800,NA,NA
T::TP3_TILT_850,NA,NA
T::TP3_TILT_900,NA,NA
T::TP3_TILT_950,NA,NA
T::TP3_TILT_1000,NA,NA
T::TP3_TILT_1050,NA,NA
T::TP3_TILT_1100,NA,NA
T::TP4_TILT_400,NA,NA
T::TP4_TILT_450,NA,NA
T::TP4_TILT_500,NA,NA
T::TP4_TILT_550,NA,NA
T::TP4_TILT_600,NA,NA
T::TP4_TILT_650,NA,NA
T::TP4_TILT_700,NA,NA
T::TP4_TILT_750,NA,NA
T::TP4_TILT_800,NA,NA
T::TP4_TILT_850,NA,NA
T::TP4_TILT_900,NA,NA
T::TP4_TILT_950,NA,NA
T::TP4_TILT_1000,NA,NA
T::TP4_TILT_1050,NA,NA
T::TP4_TILT_1100,NA,NA
T::TP5_TILT_400,NA,NA
T::TP5_TILT_450,NA,NA
T::TP5_TILT_500,NA,NA
T::TP5_TILT_550,NA,NA
T::TP5_TILT_600,NA,NA
T::TP5_TILT_650,NA,NA
T::TP5_TILT_700,NA,NA
T::TP5_TILT_750,NA,NA
T::TP5_TILT_800,NA,NA
T::TP5_TILT_850,NA,NA
T::TP5_TILT_900,NA,NA
T::TP5_TILT_950,NA,NA
T::TP5_TILT_1000,NA,NA
T::TP5_TILT_1050,NA,NA
T::TP5_TILT_1100,NA,NA
T::T_PCT_STDEV_400,NA,NA
T::T_PCT_STDEV_450,NA,NA
T::T_PCT_STDEV_500,NA,NA
T::T_PCT_STDEV_550,NA,NA
T::T_PCT_STDEV_600,NA,NA
T::T_PCT_STDEV_650,NA,NA
T::T_PCT_STDEV_700,NA,NA
T::T_PCT_STDEV_750,NA,NA
T::T_PCT_STDEV_800,NA,NA
T::T_PCT_STDEV_850,NA,NA
T::T_PCT_STDEV_900,NA,NA
T::T_PCT_STDEV_950,NA,NA
T::T_PCT_STDEV_1000,NA,NA
T::T_PCT_STDEV_1050,NA,NA
T::T_PCT_STDEV_1100,NA,NA
T::TP1_T_PCT_410,NA,NA
T::TP1_T_PCT_420,NA,NA
T::TP1_T_PCT_400,NA,NA
T::TP1_T_PCT_450,NA,NA
T::TP1_T_PCT_500,NA,NA
T::TP1_T_PCT_550,NA,NA
T::TP1_T_PCT_600,NA,NA
T::TP1_T_PCT_650,NA,NA
T::TP1_T_PCT_700,NA,NA
T::TP1_T_PCT_750,NA,NA
T::TP1_T_PCT_800,NA,NA
T::TP1_T_PCT_850,NA,NA
T::TP1_T_PCT_900,NA,NA
T::TP2_T_PCT_410,NA,NA
T::TP2_T_PCT_420,NA,NA
T::TP2_T_PCT_400,NA,NA
T::TP2_T_PCT_450,NA,NA
T::TP2_T_PCT_500,NA,NA
T::TP2_T_PCT_550,NA,NA
T::TP2_T_PCT_600,NA,NA
T::TP2_T_PCT_650,NA,NA
T::TP2_T_PCT_700,NA,NA
T::TP2_T_PCT_750,NA,NA
T::TP2_T_PCT_800,NA,NA
T::TP2_T_PCT_850,NA,NA
T::TP2_T_PCT_900,NA,NA
T::TP3_T_PCT_410,NA,NA
T::TP3_T_PCT_420,NA,NA
T::TP3_T_PCT_400,NA,NA
T::TP3_T_PCT_450,NA,NA
T::TP3_T_PCT_500,NA,NA
T::TP3_T_PCT_550,NA,NA
T::TP3_T_PCT_600,NA,NA
T::TP3_T_PCT_650,NA,NA
T::TP3_T_PCT_700,NA,NA
T::TP3_T_PCT_750,NA,NA
T::TP3_T_PCT_800,NA,NA
T::TP3_T_PCT_850,NA,NA
T::TP3_T_PCT_900,NA,NA
T::TP4_T_PCT_410,NA,NA
T::TP4_T_PCT_420,NA,NA
T::TP4_T_PCT_400,NA,NA
T::TP4_T_PCT_450,NA,NA
T::TP4_T_PCT_500,NA,NA
T::TP4_T_PCT_550,NA,NA
T::TP4_T_PCT_600,NA,NA
T::TP4_T_PCT_650,NA,NA
T::TP4_T_PCT_700,NA,NA
T::TP4_T_PCT_750,NA,NA
T::TP4_T_PCT_800,NA,NA
T::TP4_T_PCT_850,NA,NA
T::TP4_T_PCT_900,NA,NA
T::TP5_T_PCT_410,NA,NA
T::TP5_T_PCT_420,NA,NA
T::TP5_T_PCT_400,NA,NA
T::TP5_T_PCT_450,NA,NA
T::TP5_T_PCT_500,NA,NA
T::TP5_T_PCT_550,NA,NA
T::TP5_T_PCT_600,NA,NA
T::TP5_T_PCT_650,NA,NA
T::TP5_T_PCT_700,NA,NA
T::TP5_T_PCT_750,NA,NA
T::TP5_T_PCT_800,NA,NA
T::TP5_T_PCT_850,NA,NA
T::TP5_T_PCT_900,NA,NA
T::TP1_T_PCT_VAR_410,NA,NA
T::TP1_T_PCT_VAR_420,-20,20
T::TP1_T_PCT_VAR_400,NA,NA
T::TP1_T_PCT_VAR_450,-20,20
T::TP1_T_PCT_VAR_500,-20,20
T::TP1_T_PCT_VAR_550,-20,20
T::TP1_T_PCT_VAR_600,-20,20
T::TP1_T_PCT_VAR_650,-20,20
T::TP1_T_PCT_VAR_700,-20,20
T::TP1_T_PCT_VAR_750,-20,20
T::TP1_T_PCT_VAR_800,-20,20
T::TP1_T_PCT_VAR_850,-20,20
T::TP1_T_PCT_VAR_900,-20,20
T::TP1_T_PCT_VAR_950,NA,NA
T::TP1_T_PCT_VAR_1000,NA,NA
T::TP1_T_PCT_VAR_1050,NA,NA
T::TP1_T_PCT_VAR_1100,NA,NA
T::TP2_T_PCT_VAR_410,NA,NA
T::TP2_T_PCT_VAR_420,-20,20
T::TP2_T_PCT_VAR_400,NA,NA
T::TP2_T_PCT_VAR_450,-20,20
T::TP2_T_PCT_VAR_500,-20,20
T::TP2_T_PCT_VAR_550,-20,20
T::TP2_T_PCT_VAR_600,-20,20
T::TP2_T_PCT_VAR_650,-20,20
T::TP2_T_PCT_VAR_700,-20,20
T::TP2_T_PCT_VAR_750,-20,20
T::TP2_T_PCT_VAR_800,-20,20
T::TP2_T_PCT_VAR_850,-20,20
T::TP2_T_PCT_VAR_900,-20,20
T::TP2_T_PCT_VAR_950,NA,NA
T::TP2_T_PCT_VAR_1000,NA,NA
T::TP2_T_PCT_VAR_1050,NA,NA
T::TP2_T_PCT_VAR_1100,NA,NA
T::TP3_T_PCT_VAR_410,NA,NA
T::TP3_T_PCT_VAR_420,-20,20
T::TP3_T_PCT_VAR_400,NA,NA
T::TP3_T_PCT_VAR_450,-20,20
T::TP3_T_PCT_VAR_500,-20,20
T::TP3_T_PCT_VAR_550,-20,20
T::TP3_T_PCT_VAR_600,-20,20
T::TP3_T_PCT_VAR_650,-20,20
T::TP3_T_PCT_VAR_700,-20,20
T::TP3_T_PCT_VAR_750,-20,20
T::TP3_T_PCT_VAR_800,-20,20
T::TP3_T_PCT_VAR_850,-20,20
T::TP3_T_PCT_VAR_900,-20,20
T::TP3_T_PCT_VAR_950,NA,NA
T::TP3_T_PCT_VAR_1000,NA,NA
T::TP3_T_PCT_VAR_1050,NA,NA
T::TP3_T_PCT_VAR_1100,NA,NA
T::TP4_T_PCT_VAR_410,NA,NA
T::TP4_T_PCT_VAR_420,NA,NA
T::TP4_T_PCT_VAR_400,NA,NA
T::TP4_T_PCT_VAR_450,NA,NA
T::TP4_T_PCT_VAR_500,NA,NA
T::TP4_T_PCT_VAR_550,NA,NA
T::TP4_T_PCT_VAR_600,NA,NA
T::TP4_T_PCT_VAR_650,NA,NA
T::TP4_T_PCT_VAR_700,NA,NA
T::TP4_T_PCT_VAR_750,NA,NA
T::TP4_T_PCT_VAR_800,NA,NA
T::TP4_T_PCT_VAR_850,NA,NA
T::TP4_T_PCT_VAR_900,NA,NA
T::TP4_T_PCT_VAR_950,NA,NA
T::TP4_T_PCT_VAR_1000,NA,NA
T::TP4_T_PCT_VAR_1050,NA,NA
T::TP4_T_PCT_VAR_1100,NA,NA
T::TP5_T_PCT_VAR_410,NA,NA
T::TP5_T_PCT_VAR_420,NA,NA
T::TP5_T_PCT_VAR_400,NA,NA
T::TP5_T_PCT_VAR_450,NA,NA
T::TP5_T_PCT_VAR_500,NA,NA
T::TP5_T_PCT_VAR_550,NA,NA
T::TP5_T_PCT_VAR_600,NA,NA
T::TP5_T_PCT_VAR_650,NA,NA
T::TP5_T_PCT_VAR_700,NA,NA
T::TP5_T_PCT_VAR_750,NA,NA
T::TP5_T_PCT_VAR_800,NA,NA
T::TP5_T_PCT_VAR_850,NA,NA
T::TP5_T_PCT_VAR_900,NA,NA
T::TP5_T_PCT_VAR_950,NA,NA
T::TP5_T_PCT_VAR_1000,NA,NA
T::TP5_T_PCT_VAR_1050,NA,NA
T::TP5_T_PCT_VAR_1100,NA,NA
T::TP_PCT_AVG_410,0,1.08
T::TP_PCT_AVG_420,0.54,2.16
T::TP_PCT_AVG_400,NA,NA
T::TP_PCT_AVG_450,2.15,3.43
T::TP_PCT_AVG_500,2.78,4.35
T::TP_PCT_AVG_550,3.37,5.23
T::TP_PCT_AVG_600,3.97,6.09
T::TP_PCT_AVG_650,4.64,6.96
T::TP_PCT_AVG_700,5.4,7.95
T::TP_PCT_AVG_750,6.14,8.9
T::TP_PCT_AVG_800,6.87,9.84
T::TP_PCT_AVG_850,7.62,10.82
T::TP_PCT_AVG_900,8.39,11.83
T::TP_PCT_AVG_950,NA,NA
T::TP_PCT_AVG_1000,NA,NA
T::TP_PCT_AVG_1050,NA,NA
T::TP_PCT_AVG_1100,NA,NA
T::TP_TILT_AVG_400,0,20
T::TP_TILT_AVG_450,56,85
T::TP_TILT_AVG_500,72,99
T::TP_TILT_AVG_550,NA,NA
T::TP_TILT_AVG_600,102,128
T::TP_TILT_AVG_650,115,147
T::TP_TILT_AVG_700,127,169
T::TP_TILT_AVG_750,NA,NA
T::TP_TILT_AVG_800,0,300
T::TP_TILT_AVG_850,NA,NA
T::TP_TILT_AVG_900,0,350
T::TP_TILT_AVG_950,NA,NA
T::TP_TILT_AVG_1000,0,400
T::TP_TILT_AVG_1050,NA,NA
T::TP_TILT_AVG_1100,0,500
