CG Test Spec Table,spec_version:v1.4.2,
SpecItem,Lower Limit ----->,Upper Limit ----->
UNIF::INT_AVG,NA,NA
UNIF::INT_PCT_MAX,NA,NA
UNIF::INT_PCT_MIN,NA,NA
UNIF::INT_DRK_PXL_CNT_PCT,NA,NA
UNIF::INT_HOT_PXL_CNT_PCT,NA,NA
UNIF::EXT_PCT_MAX,NA,NA
UNIF::EXT_PCT_MIN,NA,NA
UNIF::LF_INT_PCT_MAX,NA,NA
UNIF::LF_INT_PCT_MIN,NA,NA
UNIF::LF_INT_DRK_PXL_CNT_PCT,NA,NA
UNIF::LF_INT_HOT_PXL_CNT_PCT,NA,NA
UNIF::LF_EXT_PCT_MAX,NA,NA
UNIF::LF_EXT_PCT_MIN,NA,NA
UNIF::HF_INT_PCT_MAX,NA,NA
UNIF::HF_INT_PCT_MIN,NA,NA
UNIF::HF_INT_DRK_PXL_CNT_PCT,NA,NA
UNIF::HF_INT_HOT_PXL_CNT_PCT,NA,NA
UNIF::HF_EXT_PCT_MAX,NA,NA
UNIF::HF_EXT_PCT_MIN,NA,NA
T::TP1_TILT_400,NA,NA
T::TP1_TILT_450,NA,NA
T::TP1_TILT_500,NA,NA
T::TP1_TILT_550,NA,NA
T::TP1_TILT_600,NA,NA
T::TP1_TILT_650,NA,NA
T::TP1_TILT_700,NA,NA
T::TP1_TILT_750,NA,NA
T::TP1_TILT_800,NA,NA
T::TP1_TILT_850,NA,NA
T::TP1_TILT_900,NA,NA
T::TP1_TILT_950,NA,NA
T::TP1_TILT_1000,NA,NA
T::TP1_TILT_1050,NA,NA
T::TP1_TILT_1100,NA,NA
T::TP2_TILT_400,NA,NA
T::TP2_TILT_450,NA,NA
T::TP2_TILT_500,NA,NA
T::TP2_TILT_550,NA,NA
T::TP2_TILT_600,NA,NA
T::TP2_TILT_650,NA,NA
T::TP2_TILT_700,NA,NA
T::TP2_TILT_750,NA,NA
T::TP2_TILT_800,NA,NA
T::TP2_TILT_850,NA,NA
T::TP2_TILT_900,NA,NA
T::TP2_TILT_950,NA,NA
T::TP2_TILT_1000,NA,NA
T::TP2_TILT_1050,NA,NA
T::TP2_TILT_1100,NA,NA
T::TP3_TILT_400,NA,NA
T::TP3_TILT_450,NA,NA
T::TP3_TILT_500,NA,NA
T::TP3_TILT_550,NA,NA
T::TP3_TILT_600,NA,NA
T::TP3_TILT_650,NA,NA
T::TP3_TILT_700,NA,NA
T::TP3_TILT_750,NA,NA
T::TP3_TILT_800,NA,NA
T::TP3_TILT_850,NA,NA
T::TP3_TILT_900,NA,NA
T::TP3_TILT_950,NA,NA
T::TP3_TILT_1000,NA,NA
T::TP3_TILT_1050,NA,NA
T::TP3_TILT_1100,NA,NA
T::TP4_TILT_400,NA,NA
T::TP4_TILT_450,NA,NA
T::TP4_TILT_500,NA,NA
T::TP4_TILT_550,NA,NA
T::TP4_TILT_600,NA,NA
T::TP4_TILT_650,NA,NA
T::TP4_TILT_700,NA,NA
T::TP4_TILT_750,NA,NA
T::TP4_TILT_800,NA,NA
T::TP4_TILT_850,NA,NA
T::TP4_TILT_900,NA,NA
T::TP4_TILT_950,NA,NA
T::TP4_TILT_1000,NA,NA
T::TP4_TILT_1050,NA,NA
T::TP4_TILT_1100,NA,NA
T::TP5_TILT_400,NA,NA
T::TP5_TILT_450,NA,NA
T::TP5_TILT_500,NA,NA
T::TP5_TILT_550,NA,NA
T::TP5_TILT_600,NA,NA
T::TP5_TILT_650,NA,NA
T::TP5_TILT_700,NA,NA
T::TP5_TILT_750,NA,NA
T::TP5_TILT_800,NA,NA
T::TP5_TILT_850,NA,NA
T::TP5_TILT_900,NA,NA
T::TP5_TILT_950,NA,NA
T::TP5_TILT_1000,NA,NA
T::TP5_TILT_1050,NA,NA
T::TP5_TILT_1100,NA,NA
T::T_PCT_STDEV_400,NA,NA
T::T_PCT_STDEV_450,NA,NA
T::T_PCT_STDEV_500,NA,NA
T::T_PCT_STDEV_550,NA,NA
T::T_PCT_STDEV_600,NA,NA
T::T_PCT_STDEV_650,NA,NA
T::T_PCT_STDEV_700,NA,NA
T::T_PCT_STDEV_750,NA,NA
T::T_PCT_STDEV_800,NA,NA
T::T_PCT_STDEV_850,NA,NA
T::T_PCT_STDEV_900,NA,NA
T::T_PCT_STDEV_950,NA,NA
T::T_PCT_STDEV_1000,NA,NA
T::T_PCT_STDEV_1050,NA,NA
T::T_PCT_STDEV_1100,NA,NA
T::TP1_T_PCT_410,NA,NA
T::TP1_T_PCT_420,NA,NA
T::TP1_T_PCT_400,NA,NA
T::TP1_T_PCT_450,NA,NA
T::TP1_T_PCT_500,NA,NA
T::TP1_T_PCT_550,NA,NA
T::TP1_T_PCT_600,NA,NA
T::TP1_T_PCT_650,NA,NA
T::TP1_T_PCT_700,NA,NA
T::TP1_T_PCT_750,NA,NA
T::TP1_T_PCT_800,NA,NA
T::TP1_T_PCT_850,NA,NA
T::TP1_T_PCT_900,NA,NA
T::TP2_T_PCT_410,NA,NA
T::TP2_T_PCT_420,NA,NA
T::TP2_T_PCT_400,NA,NA
T::TP2_T_PCT_450,NA,NA
T::TP2_T_PCT_500,NA,NA
T::TP2_T_PCT_550,NA,NA
T::TP2_T_PCT_600,NA,NA
T::TP2_T_PCT_650,NA,NA
T::TP2_T_PCT_700,NA,NA
T::TP2_T_PCT_750,NA,NA
T::TP2_T_PCT_800,NA,NA
T::TP2_T_PCT_850,NA,NA
T::TP2_T_PCT_900,NA,NA
T::TP3_T_PCT_410,NA,NA
T::TP3_T_PCT_420,NA,NA
T::TP3_T_PCT_400,NA,NA
T::TP3_T_PCT_450,NA,NA
T::TP3_T_PCT_500,NA,NA
T::TP3_T_PCT_550,NA,NA
T::TP3_T_PCT_600,NA,NA
T::TP3_T_PCT_650,NA,NA
T::TP3_T_PCT_700,NA,NA
T::TP3_T_PCT_750,NA,NA
T::TP3_T_PCT_800,NA,NA
T::TP3_T_PCT_850,NA,NA
T::TP3_T_PCT_900,NA,NA
T::TP4_T_PCT_410,NA,NA
T::TP4_T_PCT_420,NA,NA
T::TP4_T_PCT_400,NA,NA
T::TP4_T_PCT_450,NA,NA
T::TP4_T_PCT_500,NA,NA
T::TP4_T_PCT_550,NA,NA
T::TP4_T_PCT_600,NA,NA
T::TP4_T_PCT_650,NA,NA
T::TP4_T_PCT_700,NA,NA
T::TP4_T_PCT_750,NA,NA
T::TP4_T_PCT_800,NA,NA
T::TP4_T_PCT_850,NA,NA
T::TP4_T_PCT_900,NA,NA
T::TP5_T_PCT_410,NA,NA
T::TP5_T_PCT_420,NA,NA
T::TP5_T_PCT_400,NA,NA
T::TP5_T_PCT_450,NA,NA
T::TP5_T_PCT_500,NA,NA
T::TP5_T_PCT_550,NA,NA
T::TP5_T_PCT_600,NA,NA
T::TP5_T_PCT_650,NA,NA
T::TP5_T_PCT_700,NA,NA
T::TP5_T_PCT_750,NA,NA
T::TP5_T_PCT_800,NA,NA
T::TP5_T_PCT_850,NA,NA
T::TP5_T_PCT_900,NA,NA
T::TP1_T_PCT_VAR_420,NA,NA
T::TP1_T_PCT_VAR_410,NA,NA
T::TP1_T_PCT_VAR_400,-27,27
T::TP1_T_PCT_VAR_450,-24,24
T::TP1_T_PCT_VAR_500,-22,22
T::TP1_T_PCT_VAR_550,-20.5,20.5
T::TP1_T_PCT_VAR_600,-20,20
T::TP1_T_PCT_VAR_650,-20,20
T::TP1_T_PCT_VAR_700,-20,20
T::TP1_T_PCT_VAR_750,-20,20
T::TP1_T_PCT_VAR_800,-20,20
T::TP1_T_PCT_VAR_850,-20,20
T::TP1_T_PCT_VAR_900,-20,20
T::TP1_T_PCT_VAR_950,NA,NA
T::TP1_T_PCT_VAR_1000,NA,NA
T::TP1_T_PCT_VAR_1050,NA,NA
T::TP1_T_PCT_VAR_1100,NA,NA
T::TP2_T_PCT_VAR_410,NA,NA
T::TP2_T_PCT_VAR_420,NA,NA
T::TP2_T_PCT_VAR_400,-27,27
T::TP2_T_PCT_VAR_450,-24,24
T::TP2_T_PCT_VAR_500,-22,22
T::TP2_T_PCT_VAR_550,-20.5,20.5
T::TP2_T_PCT_VAR_600,-20,20
T::TP2_T_PCT_VAR_650,-20,20
T::TP2_T_PCT_VAR_700,-20,20
T::TP2_T_PCT_VAR_750,-20,20
T::TP2_T_PCT_VAR_800,-20,20
T::TP2_T_PCT_VAR_850,-20,20
T::TP2_T_PCT_VAR_900,-20,20
T::TP2_T_PCT_VAR_950,NA,NA
T::TP2_T_PCT_VAR_1000,NA,NA
T::TP2_T_PCT_VAR_1050,NA,NA
T::TP2_T_PCT_VAR_1100,NA,NA
T::TP3_T_PCT_VAR_410,NA,NA
T::TP3_T_PCT_VAR_420,NA,NA
T::TP3_T_PCT_VAR_400,-27,27
T::TP3_T_PCT_VAR_450,-24,24
T::TP3_T_PCT_VAR_500,-22,22
T::TP3_T_PCT_VAR_550,-20.5,20.5
T::TP3_T_PCT_VAR_600,-20,20
T::TP3_T_PCT_VAR_650,-20,20
T::TP3_T_PCT_VAR_700,-20,20
T::TP3_T_PCT_VAR_750,-20,20
T::TP3_T_PCT_VAR_800,-20,20
T::TP3_T_PCT_VAR_850,-20,20
T::TP3_T_PCT_VAR_900,-20,20
T::TP3_T_PCT_VAR_950,NA,NA
T::TP3_T_PCT_VAR_1000,NA,NA
T::TP3_T_PCT_VAR_1050,NA,NA
T::TP3_T_PCT_VAR_1100,NA,NA
T::TP4_T_PCT_VAR_410,NA,NA
T::TP4_T_PCT_VAR_420,NA,NA
T::TP4_T_PCT_VAR_400,NA,NA
T::TP4_T_PCT_VAR_450,NA,NA
T::TP4_T_PCT_VAR_500,NA,NA
T::TP4_T_PCT_VAR_550,NA,NA
T::TP4_T_PCT_VAR_600,NA,NA
T::TP4_T_PCT_VAR_650,NA,NA
T::TP4_T_PCT_VAR_700,NA,NA
T::TP4_T_PCT_VAR_750,NA,NA
T::TP4_T_PCT_VAR_800,NA,NA
T::TP4_T_PCT_VAR_850,NA,NA
T::TP4_T_PCT_VAR_900,NA,NA
T::TP4_T_PCT_VAR_950,NA,NA
T::TP4_T_PCT_VAR_1000,NA,NA
T::TP4_T_PCT_VAR_1050,NA,NA
T::TP4_T_PCT_VAR_1100,NA,NA
T::TP5_T_PCT_VAR_410,NA,NA
T::TP5_T_PCT_VAR_420,NA,NA
T::TP5_T_PCT_VAR_400,NA,NA
T::TP5_T_PCT_VAR_450,NA,NA
T::TP5_T_PCT_VAR_500,NA,NA
T::TP5_T_PCT_VAR_550,NA,NA
T::TP5_T_PCT_VAR_600,NA,NA
T::TP5_T_PCT_VAR_650,NA,NA
T::TP5_T_PCT_VAR_700,NA,NA
T::TP5_T_PCT_VAR_750,NA,NA
T::TP5_T_PCT_VAR_800,NA,NA
T::TP5_T_PCT_VAR_850,NA,NA
T::TP5_T_PCT_VAR_900,NA,NA
T::TP5_T_PCT_VAR_950,NA,NA
T::TP5_T_PCT_VAR_1000,NA,NA
T::TP5_T_PCT_VAR_1050,NA,NA
T::TP5_T_PCT_VAR_1100,NA,NA
T::TP_PCT_AVG_410,NA,NA
T::TP_PCT_AVG_420,NA,NA
T::TP_PCT_AVG_400,0.9,3.8
T::TP_PCT_AVG_450,1.8,4.8
T::TP_PCT_AVG_500,2.4,5.9
T::TP_PCT_AVG_550,3.1,7
T::TP_PCT_AVG_600,3.3,7.7
T::TP_PCT_AVG_650,3.7,8.8
T::TP_PCT_AVG_700,4.6,10.1
T::TP_PCT_AVG_750,6.4,14.6
T::TP_PCT_AVG_800,8.7,18
T::TP_PCT_AVG_850,9.7,20.1
T::TP_PCT_AVG_900,11.2,21.7
T::TP_PCT_AVG_950,NA,NA
T::TP_PCT_AVG_1000,NA,NA
T::TP_PCT_AVG_1050,NA,NA
T::TP_PCT_AVG_1100,NA,NA
T::TP_TILT_AVG_400,28,64
T::TP_TILT_AVG_450,48,78
T::TP_TILT_AVG_500,72,89
T::TP_TILT_AVG_550,NA,NA
T::TP_TILT_AVG_600,104,123
T::TP_TILT_AVG_650,114,147
T::TP_TILT_AVG_700,122,182
T::TP_TILT_AVG_750,NA,NA
T::TP_TILT_AVG_800,0,340
T::TP_TILT_AVG_850,NA,NA
T::TP_TILT_AVG_900,0,467
T::TP_TILT_AVG_950,NA,NA
T::TP_TILT_AVG_1000,0,612
T::TP_TILT_AVG_1050,NA,NA
T::TP_TILT_AVG_1100,0,688
