CG_T_GRR_Rev_5.0,,,,,
GrrConfig,GRR Stdev----->,GRR Limit----->,Upper ERS----->,Lower ERS----->,Unit----->
//----- [CG_T],NA,NA,NA,NA,NA
T::TP1_T_PCT_400,3,0.5,NA,NA,%
T::TP1_T_PCT_410,3,0.5,NA,NA,%
T::TP1_T_PCT_420,3,0.5,NA,NA,%
T::TP1_T_PCT_450,3,0.5,NA,NA,%
T::TP1_T_PCT_500,3,0.5,NA,NA,%
T::TP1_T_PCT_550,3,0.5,NA,NA,%
T::TP1_T_PCT_600,3,0.5,NA,NA,%
T::TP1_T_PCT_650,3,0.5,NA,NA,%
T::TP1_T_PCT_700,3,1.0,NA,NA,%
T::TP1_T_PCT_750,3,1.0,NA,NA,%
T::TP1_T_PCT_800,3,1.0,NA,NA,%
T::TP1_T_PCT_850,3,1.5,NA,NA,%
T::TP1_T_PCT_900,3,1.5,NA,NA,%
T::TP1_T_PCT_950,3,1.5,NA,NA,%
T::TP1_T_PCT_1000,3,2.0,NA,NA,%
T::TP1_T_PCT_1050,3,2.0,NA,NA,%
T::TP1_T_PCT_1100,3,2.0,NA,NA,%
T::TP2_T_PCT_400,3,0.5,NA,NA,%
T::TP2_T_PCT_410,3,0.5,NA,NA,%
T::TP2_T_PCT_420,3,0.5,NA,NA,%
T::TP2_T_PCT_450,3,0.5,NA,NA,%
T::TP2_T_PCT_500,3,0.5,NA,NA,%
T::TP2_T_PCT_550,3,0.5,NA,NA,%
T::TP2_T_PCT_600,3,0.5,NA,NA,%
T::TP2_T_PCT_650,3,0.5,NA,NA,%
T::TP2_T_PCT_700,3,1.0,NA,NA,%
T::TP2_T_PCT_750,3,1.0,NA,NA,%
T::TP2_T_PCT_800,3,1.0,NA,NA,%
T::TP2_T_PCT_850,3,1.5,NA,NA,%
T::TP2_T_PCT_900,3,1.5,NA,NA,%
T::TP2_T_PCT_950,3,1.5,NA,NA,%
T::TP2_T_PCT_1000,3,2.0,NA,NA,%
T::TP2_T_PCT_1050,3,2.0,NA,NA,%
T::TP2_T_PCT_1100,3,2.0,NA,NA,%
T::TP3_T_PCT_400,3,0.5,NA,NA,%
T::TP3_T_PCT_410,3,0.5,NA,NA,%
T::TP3_T_PCT_420,3,0.5,NA,NA,%
T::TP3_T_PCT_450,3,0.5,NA,NA,%
T::TP3_T_PCT_500,3,0.5,NA,NA,%
T::TP3_T_PCT_550,3,0.5,NA,NA,%
T::TP3_T_PCT_600,3,0.5,NA,NA,%
T::TP3_T_PCT_650,3,0.5,NA,NA,%
T::TP3_T_PCT_700,3,1.0,NA,NA,%
T::TP3_T_PCT_750,3,1.0,NA,NA,%
T::TP3_T_PCT_800,3,1.0,NA,NA,%
T::TP3_T_PCT_850,3,1.5,NA,NA,%
T::TP3_T_PCT_900,3,1.5,NA,NA,%
T::TP3_T_PCT_950,3,1.5,NA,NA,%
T::TP3_T_PCT_1000,3,2.0,NA,NA,%
T::TP3_T_PCT_1050,3,2.0,NA,NA,%
T::TP3_T_PCT_1100,3,2.0,NA,NA,%
T::TP4_T_PCT_400,3,0.5,NA,NA,%
T::TP4_T_PCT_410,3,0.5,NA,NA,%
T::TP4_T_PCT_420,3,0.5,NA,NA,%
T::TP4_T_PCT_450,3,0.5,NA,NA,%
T::TP4_T_PCT_500,3,0.5,NA,NA,%
T::TP4_T_PCT_550,3,0.5,NA,NA,%
T::TP4_T_PCT_600,3,0.5,NA,NA,%
T::TP4_T_PCT_650,3,0.5,NA,NA,%
T::TP4_T_PCT_700,3,1.0,NA,NA,%
T::TP4_T_PCT_750,3,1.0,NA,NA,%
T::TP4_T_PCT_800,3,1.0,NA,NA,%
T::TP4_T_PCT_850,3,1.5,NA,NA,%
T::TP4_T_PCT_900,3,1.5,NA,NA,%
T::TP4_T_PCT_950,3,1.5,NA,NA,%
T::TP4_T_PCT_1000,3,2.0,NA,NA,%
T::TP4_T_PCT_1050,3,2.0,NA,NA,%
T::TP4_T_PCT_1100,3,2.0,NA,NA,%
T::TP5_T_PCT_400,3,0.5,NA,NA,%
T::TP5_T_PCT_410,3,0.5,NA,NA,%
T::TP5_T_PCT_420,3,0.5,NA,NA,%
T::TP5_T_PCT_450,3,0.5,NA,NA,%
T::TP5_T_PCT_500,3,0.5,NA,NA,%
T::TP5_T_PCT_550,3,0.5,NA,NA,%
T::TP5_T_PCT_600,3,0.5,NA,NA,%
T::TP5_T_PCT_650,3,0.5,NA,NA,%
T::TP5_T_PCT_700,3,1.0,NA,NA,%
T::TP5_T_PCT_750,3,1.0,NA,NA,%
T::TP5_T_PCT_800,3,1.0,NA,NA,%
T::TP5_T_PCT_850,3,1.5,NA,NA,%
T::TP5_T_PCT_900,3,1.5,NA,NA,%
T::TP5_T_PCT_950,3,1.5,NA,NA,%
T::TP5_T_PCT_1000,3,2.0,NA,NA,%
T::TP5_T_PCT_1050,3,2.0,NA,NA,%
T::TP5_T_PCT_1100,3,2.0,NA,NA,%
